# Test
# McGrady
# Season
INSERT INTO seasons (id,year, creation_date) VALUES (1,'2017', 0);

# Teams
INSERT INTO teams (id, name, abbreviation, id_country, creation_date) VALUES (1,'Atlanta Hawks','ATL',74,0);
INSERT INTO teams (id, name, abbreviation, id_country, creation_date) VALUES (2,'Charlotte Hornets','CHA',74,0);
INSERT INTO teams (id, name, abbreviation, id_country, creation_date) VALUES (3,'Miami Heat','MIA',74,0);
INSERT INTO teams (id, name, abbreviation, id_country, creation_date) VALUES (4,'Orlando Magic','ORL',74,0);
INSERT INTO teams (id, name, abbreviation, id_country, creation_date) VALUES (5,'Washington Wizards','WAS',74,0);
INSERT INTO teams (id, name, abbreviation, id_country, creation_date) VALUES (6,'Boston Celtics', 'BOS',74,0);
INSERT INTO teams (id, name, abbreviation, id_country, creation_date) VALUES (7,'Brooklyn Nets', 'BKN',74,0);
INSERT INTO teams (id, name, abbreviation, id_country, creation_date) VALUES (8,'New York Knicks', 'NYK',74,0);
INSERT INTO teams (id, name, abbreviation, id_country, creation_date) VALUES (9,'Philadelphia 76ers','PHI',74,0);
INSERT INTO teams (id, name, abbreviation, id_country, creation_date) VALUES (10,'Toronto Raptors','TOR',74,0);
INSERT INTO teams (id, name, abbreviation, id_country, creation_date) VALUES (11,'Chicago Bulls','CHI',74,0);
INSERT INTO teams (id, name, abbreviation, id_country, creation_date) VALUES (12,'Cleveland Cavaliers','CLE',74,0);
INSERT INTO teams (id, name, abbreviation, id_country, creation_date) VALUES (13,'Detroit Pistons','DET',74,0);
INSERT INTO teams (id, name, abbreviation, id_country, creation_date) VALUES (14,'Indiana Pacers','IND',74,0);
INSERT INTO teams (id, name, abbreviation, id_country, creation_date) VALUES (15,'Milwaukee Bucks','MIL',74,0);
INSERT INTO teams (id, name, abbreviation, id_country, creation_date) VALUES (16,'Denver Nuggets','DEN',74,0);
INSERT INTO teams (id, name, abbreviation, id_country, creation_date) VALUES (17,'Minnesota TimberWolves','MIN',74,0);
INSERT INTO teams (id, name, abbreviation, id_country, creation_date) VALUES (18,'Oklahoma City Thunder','OKC',74,0);
INSERT INTO teams (id, name, abbreviation, id_country, creation_date) VALUES (19,'Portland Trail Blazers','POR',74,0);
INSERT INTO teams (id, name, abbreviation, id_country, creation_date) VALUES (20,'Utah Jazz','UTA',74,0);
INSERT INTO teams (id, name, abbreviation, id_country, creation_date) VALUES (21,'Golden State Warriors','GSW',74,0);
INSERT INTO teams (id, name, abbreviation, id_country, creation_date) VALUES (22,'Los Ángeles Clippers','LAC',74,0);
INSERT INTO teams (id, name, abbreviation, id_country, creation_date) VALUES (23,'Los Ángeles Lakers','LAL',74,0);
INSERT INTO teams (id, name, abbreviation, id_country, creation_date) VALUES (24,'Phoenix Suns','PHO',74,0);
INSERT INTO teams (id, name, abbreviation, id_country, creation_date) VALUES (25,'Sacramento Kings','SAC',74,0);
INSERT INTO teams (id, name, abbreviation, id_country, creation_date) VALUES (26,'Dallas Maverics','DAL',74,0);
INSERT INTO teams (id, name, abbreviation, id_country, creation_date) VALUES (27,'Houston Rockets','HOU',74,0);
INSERT INTO teams (id, name, abbreviation, id_country, creation_date) VALUES (28,'Memphis Grizzlies','MEM',74,0);
INSERT INTO teams (id, name, abbreviation, id_country, creation_date) VALUES (29,'New Orleans Pelicans','NOP',74,0);
INSERT INTO teams (id, name, abbreviation, id_country, creation_date) VALUES (30,'San Antonio Spurs','SAS',74,0);
INSERT INTO teams (id, name, abbreviation, id_country, creation_date) VALUES (31,'Real Madrid Baloncesto','RMB',72,0);
INSERT INTO teams (id, name, abbreviation, id_country, creation_date) VALUES (32,'Barcelona Lassa','FCB',72,0);
INSERT INTO teams (id, name, abbreviation, id_country, creation_date) VALUES (33,'Valencia Basket','VAL',72,0);
INSERT INTO teams (id, name, abbreviation, id_country, creation_date) VALUES (34,'Unicaja Málaga','UNI',72,0);
INSERT INTO teams (id, name, abbreviation, id_country, creation_date) VALUES (35,'Saski Baskonia','BSK',72,0);
INSERT INTO teams (id, name, abbreviation, id_country, creation_date) VALUES (36,'IberoStar Tenerife','IBT',72,0);
INSERT INTO teams (id, name, abbreviation, id_country, creation_date) VALUES (37,'Herbalife Gran Canaria','HGC',72,0);
INSERT INTO teams (id, name, abbreviation, id_country, creation_date) VALUES (38,'MoraBanc Andorra','MBA',72,0);
INSERT INTO teams (id, name, abbreviation, id_country, creation_date) VALUES (39,'RETAbet Bilbao Basket','BBB',72,0);
INSERT INTO teams (id, name, abbreviation, id_country, creation_date) VALUES (40,'Movistar Estudiantes','EST',72,0);
INSERT INTO teams (id, name, abbreviation, id_country, creation_date) VALUES (41,'UCAM Murcia','UCM',72,0);
INSERT INTO teams (id, name, abbreviation, id_country, creation_date) VALUES (42,'Montakit Fuenlabrada','FUE',72,0);
INSERT INTO teams (id, name, abbreviation, id_country, creation_date) VALUES (43,'Rio Natura Monbus Obradoiro','OBR',72,0);
INSERT INTO teams (id, name, abbreviation, id_country, creation_date) VALUES (44,'Divina Seguros Joventut','JOV',72,0);
INSERT INTO teams (id, name, abbreviation, id_country, creation_date) VALUES (45,'Basket Zaragoza','BZG',72,0);
INSERT INTO teams (id, name, abbreviation, id_country, creation_date) VALUES (46,'Real Betis Energía Plus','BET',72,0);
INSERT INTO teams (id, name, abbreviation, id_country, creation_date) VALUES (47,'ICL Manresa','ICL',72,0);
INSERT INTO teams (id, name, abbreviation, id_country, creation_date) VALUES (48,'Andalou Efes Istanbul','IST',230,0);
INSERT INTO teams (id, name, abbreviation, id_country, creation_date) VALUES (49,'Brose Bamberg','BAM',5,0);
INSERT INTO teams (id, name, abbreviation, id_country, creation_date) VALUES (50,'Crvena Zvezda mts Belgrade','RED',202,0);
INSERT INTO teams (id, name, abbreviation, id_country, creation_date) VALUES (51,'CSKA Moscow','CSK',189,0);
INSERT INTO teams (id, name, abbreviation, id_country, creation_date) VALUES (52,'Darussafaka Dogus Istanbul','DAR',230,0);
INSERT INTO teams (id, name, abbreviation, id_country, creation_date) VALUES (53,'EA7 Emporio Armani Milan','MIL',1,0);
INSERT INTO teams (id, name, abbreviation, id_country, creation_date) VALUES (54,'Fenerbahce Istanbul','ULK',230,0);
INSERT INTO teams (id, name, abbreviation, id_country, creation_date) VALUES (55,'Galatasaray Odeabank Istanbul','GAL',230,0);
INSERT INTO teams (id, name, abbreviation, id_country, creation_date) VALUES (56,'Maccabi FOX Tel Aviv','TEL',230,0);
INSERT INTO teams (id, name, abbreviation, id_country, creation_date) VALUES (57,'Olympiacos Piraeus','OLY',90,0);
INSERT INTO teams (id, name, abbreviation, id_country, creation_date) VALUES (58,'Panathinaikos Superfoods Athens','PAN',90,0);
INSERT INTO teams (id, name, abbreviation, id_country, creation_date) VALUES (59,'Unics Kazan','UNK',189,0);
INSERT INTO teams (id, name, abbreviation, id_country, creation_date) VALUES (60,'Zalgiris Kaunas','ZAL',130,0);

# Players

INSERT INTO players(id, first_name, last_name, nick_name, number,creation_date) VALUES(1,'Elfrid','Payton','','4',0);
INSERT INTO players(id, first_name, last_name, nick_name, number,creation_date) VALUES(2,'Aaron','Gordon','','00',0);
INSERT INTO players(id, first_name, last_name, nick_name, number,creation_date) VALUES(3,'Evan','Fournier','Don´t Google my name','10',0);
INSERT INTO players(id, first_name, last_name, nick_name, number,creation_date) VALUES(4,'Terrence','Ross','T-Ross','31',0);
INSERT INTO players(id, first_name, last_name, nick_name, number,creation_date) VALUES(5,'Nikola','Vucevich','Vooch','4',0);
INSERT INTO players(id, first_name, last_name, nick_name, number,creation_date) VALUES(6,'Sergi','Llull','Mandarinas','23',0);
INSERT INTO players(id, first_name, last_name, nick_name, number,creation_date) VALUES(7,'Rodolfo','Fernández','Rudy','5',0);
INSERT INTO players(id, first_name, last_name, nick_name, number,creation_date) VALUES(8,'Luka','Doncic','','7',0);
INSERT INTO players(id, first_name, last_name, nick_name, number,creation_date) VALUES(9,'Anthony','Randolph','','3',0);
INSERT INTO players(id, first_name, last_name, nick_name, number,creation_date) VALUES(10,'Gustavo','Ayon','Titán de Nayarit','14',0);
INSERT INTO players(id, first_name, last_name, nick_name, number,creation_date) VALUES(11,'De´Angelo','Russel','Ice on my Veins','1',0);
INSERT INTO players(id, first_name, last_name, nick_name, number,creation_date) VALUES(12,'Isaiah','Thomas','Mr 4º Quarter','4',0);
INSERT INTO players(id, first_name, last_name, nick_name, number,creation_date) VALUES(13,'Juan Carlos','Navarro','La Bomba','11',0);

# Arenas
INSERT INTO arenas(id,name,id_country,creation_date) VALUES (1,'TD Garden',74,0);
INSERT INTO arenas(id,name,id_country,creation_date) VALUES (2,'Staples Center',74,0);
INSERT INTO arenas(id,name,id_country,creation_date) VALUES (3,'Amway Arena',74,0);
INSERT INTO arenas(id,name,id_country,creation_date) VALUES (4,'Oracle Arena',74,0);
INSERT INTO arenas(id,name,id_country,creation_date) VALUES (5,'Madison Square Garden',74,0);
INSERT INTO arenas(id,name,id_country,creation_date) VALUES (6,'Palacio de los Deportes de la Comunidad de Madrid',72,0);
INSERT INTO arenas(id,name,id_country,creation_date) VALUES (7,'Palau Sant Jordi',72,0);
INSERT INTO arenas(id,name,id_country,creation_date) VALUES (8,'Martin Carpena',72,0);

# Competitions
INSERT INTO competitions (id,id_season,name,abbreviation,division,id_country,type,init_date,end_date,creation_date) 
VALUES (1,1,'National Basketball Asociation','NBA','1',74,'Liga',1472680800000,1472680800000,0);
INSERT INTO competitions (id,id_season,name,abbreviation,division,id_country,type,init_date,end_date,creation_date) 
VALUES (2,1,'Asociacion Clubs Baloncesto','ACB','1',72,'Liga',1472680800000,1472680800000,0);
INSERT INTO competitions (id,id_season,name,abbreviation,division,id_country,type,init_date,end_date,creation_date) 
VALUES (3,1,'Turkish Airlines Euroleague','EUR','1',1,'Liga',1472680800000,1472680800000,0);

# Groups

INSERT INTO groups (id,id_competition,name,creation_date) VALUES (1,1,'West',0);
INSERT INTO groups (id,id_competition,name,creation_date) VALUES (2,1,'East',0);
INSERT INTO groups (id,id_competition,name,creation_date) VALUES (3,2,'ACB',0);
INSERT INTO groups (id,id_competition,name,creation_date) VALUES (4,3,'Euroliga',0);

# SubGroups

INSERT INTO subgroups (id,id_group,name,creation_date) VALUES (1,1,'NorthWest',0);
INSERT INTO subgroups (id,id_group,name,creation_date) VALUES (2,1,'SouthWest',0);
INSERT INTO subgroups (id,id_group,name,creation_date) VALUES (3,1,'Pacific',0);
INSERT INTO subgroups (id,id_group,name,creation_date) VALUES (4,3,'ACB',0);
INSERT INTO subgroups (id,id_group,name,creation_date) VALUES (5,4,'Euroliga',0);
INSERT INTO subgroups (id,id_group,name,creation_date) VALUES (6,2,'Atlantic',0);
INSERT INTO subgroups (id,id_group,name,creation_date) VALUES (7,2,'SouthEast',0);
INSERT INTO subgroups (id,id_group,name,creation_date) VALUES (8,2,'Central',0);

# Inscriptions

INSERT INTO inscriptions (id,id_team,id_subgroup,id_arena,creation_date) VALUES (1,1,7,9,0);
INSERT INTO inscriptions (id,id_team,id_subgroup,id_arena,creation_date) VALUES (2,2,7,9,0);
INSERT INTO inscriptions (id,id_team,id_subgroup,id_arena,creation_date) VALUES (3,3,7,9,0);
INSERT INTO inscriptions (id,id_team,id_subgroup,id_arena,creation_date) VALUES (4,4,7,3,0);
INSERT INTO inscriptions (id,id_team,id_subgroup,id_arena,creation_date) VALUES (5,5,7,9,0);
INSERT INTO inscriptions (id,id_team,id_subgroup,id_arena,creation_date) VALUES (6,6,7,1,0);
INSERT INTO inscriptions (id,id_team,id_subgroup,id_arena,creation_date) VALUES (7,7,6,9,0);
INSERT INTO inscriptions (id,id_team,id_subgroup,id_arena,creation_date) VALUES (8,8,6,5,0);
INSERT INTO inscriptions (id,id_team,id_subgroup,id_arena,creation_date) VALUES (9,9,6,9,0);
INSERT INTO inscriptions (id,id_team,id_subgroup,id_arena,creation_date) VALUES (10,10,6,9,0);
INSERT INTO inscriptions (id,id_team,id_subgroup,id_arena,creation_date) VALUES (11,11,6,9,0);
INSERT INTO inscriptions (id,id_team,id_subgroup,id_arena,creation_date) VALUES (12,12,6,9,0);
INSERT INTO inscriptions (id,id_team,id_subgroup,id_arena,creation_date) VALUES (13,13,8,9,0);
INSERT INTO inscriptions (id,id_team,id_subgroup,id_arena,creation_date) VALUES (14,14,8,9,0);
INSERT INTO inscriptions (id,id_team,id_subgroup,id_arena,creation_date) VALUES (15,15,8,9,0);
INSERT INTO inscriptions (id,id_team,id_subgroup,id_arena,creation_date) VALUES (16,16,8,9,0);
INSERT INTO inscriptions (id,id_team,id_subgroup,id_arena,creation_date) VALUES (17,17,8,9,0);
INSERT INTO inscriptions (id,id_team,id_subgroup,id_arena,creation_date) VALUES (18,18,8,9,0);
INSERT INTO inscriptions (id,id_team,id_subgroup,id_arena,creation_date) VALUES (19,19,1,9,0);
INSERT INTO inscriptions (id,id_team,id_subgroup,id_arena,creation_date) VALUES (20,20,1,9,0);
INSERT INTO inscriptions (id,id_team,id_subgroup,id_arena,creation_date) VALUES (21,21,1,4,0);
INSERT INTO inscriptions (id,id_team,id_subgroup,id_arena,creation_date) VALUES (22,22,1,2,0);
INSERT INTO inscriptions (id,id_team,id_subgroup,id_arena,creation_date) VALUES (23,23,1,2,0);
INSERT INTO inscriptions (id,id_team,id_subgroup,id_arena,creation_date) VALUES (24,24,1,9,0);
INSERT INTO inscriptions (id,id_team,id_subgroup,id_arena,creation_date) VALUES (25,25,3,9,0);
INSERT INTO inscriptions (id,id_team,id_subgroup,id_arena,creation_date) VALUES (26,26,3,9,0);
INSERT INTO inscriptions (id,id_team,id_subgroup,id_arena,creation_date) VALUES (27,27,3,9,0);
INSERT INTO inscriptions (id,id_team,id_subgroup,id_arena,creation_date) VALUES (28,28,3,9,0);
INSERT INTO inscriptions (id,id_team,id_subgroup,id_arena,creation_date) VALUES (29,29,3,9,0);
INSERT INTO inscriptions (id,id_team,id_subgroup,id_arena,creation_date) VALUES (30,30,3,9,0);
INSERT INTO inscriptions (id,id_team,id_subgroup,id_arena,creation_date) VALUES (31,31,4,6,0);
INSERT INTO inscriptions (id,id_team,id_subgroup,id_arena,creation_date) VALUES (32,32,4,7,0);
INSERT INTO inscriptions (id,id_team,id_subgroup,id_arena,creation_date) VALUES (33,33,4,9,0);
INSERT INTO inscriptions (id,id_team,id_subgroup,id_arena,creation_date) VALUES (34,34,4,8,0);
INSERT INTO inscriptions (id,id_team,id_subgroup,id_arena,creation_date) VALUES (35,35,4,9,0);
INSERT INTO inscriptions (id,id_team,id_subgroup,id_arena,creation_date) VALUES (36,36,4,9,0);
INSERT INTO inscriptions (id,id_team,id_subgroup,id_arena,creation_date) VALUES (37,37,4,9,0);
INSERT INTO inscriptions (id,id_team,id_subgroup,id_arena,creation_date) VALUES (38,38,4,9,0);
INSERT INTO inscriptions (id,id_team,id_subgroup,id_arena,creation_date) VALUES (39,39,4,9,0);
INSERT INTO inscriptions (id,id_team,id_subgroup,id_arena,creation_date) VALUES (40,40,4,9,0);
INSERT INTO inscriptions (id,id_team,id_subgroup,id_arena,creation_date) VALUES (41,41,4,9,0);
INSERT INTO inscriptions (id,id_team,id_subgroup,id_arena,creation_date) VALUES (42,42,4,9,0);
INSERT INTO inscriptions (id,id_team,id_subgroup,id_arena,creation_date) VALUES (43,43,4,9,0);
INSERT INTO inscriptions (id,id_team,id_subgroup,id_arena,creation_date) VALUES (44,44,4,9,0);
INSERT INTO inscriptions (id,id_team,id_subgroup,id_arena,creation_date) VALUES (45,45,4,9,0);
INSERT INTO inscriptions (id,id_team,id_subgroup,id_arena,creation_date) VALUES (46,46,4,9,0);
INSERT INTO inscriptions (id,id_team,id_subgroup,id_arena,creation_date) VALUES (47,47,4,9,0);
INSERT INTO inscriptions (id,id_team,id_subgroup,id_arena,creation_date) VALUES (48,48,5,9,0);
INSERT INTO inscriptions (id,id_team,id_subgroup,id_arena,creation_date) VALUES (49,49,5,9,0);
INSERT INTO inscriptions (id,id_team,id_subgroup,id_arena,creation_date) VALUES (50,50,5,9,0);
INSERT INTO inscriptions (id,id_team,id_subgroup,id_arena,creation_date) VALUES (51,51,5,9,0);
INSERT INTO inscriptions (id,id_team,id_subgroup,id_arena,creation_date) VALUES (52,52,5,9,0);
INSERT INTO inscriptions (id,id_team,id_subgroup,id_arena,creation_date) VALUES (53,53,5,9,0);
INSERT INTO inscriptions (id,id_team,id_subgroup,id_arena,creation_date) VALUES (54,54,5,9,0);
INSERT INTO inscriptions (id,id_team,id_subgroup,id_arena,creation_date) VALUES (55,55,5,9,0);
INSERT INTO inscriptions (id,id_team,id_subgroup,id_arena,creation_date) VALUES (56,56,5,9,0);
INSERT INTO inscriptions (id,id_team,id_subgroup,id_arena,creation_date) VALUES (57,57,5,9,0);
INSERT INTO inscriptions (id,id_team,id_subgroup,id_arena,creation_date) VALUES (58,58,5,9,0);
INSERT INTO inscriptions (id,id_team,id_subgroup,id_arena,creation_date) VALUES (59,59,5,9,0);
INSERT INTO inscriptions (id,id_team,id_subgroup,id_arena,creation_date) VALUES (60,60,5,9,0);
INSERT INTO inscriptions (id,id_team,id_subgroup,id_arena,creation_date) VALUES (62,31,5,6,0);
INSERT INTO inscriptions (id,id_team,id_subgroup,id_arena,creation_date) VALUES (63,32,5,7,0);

#Contracts



#Emptys
INSERT INTO teams (id, name, abbreviation, creation_date) VALUES (61,' N#A',' N#A',0);
INSERT INTO arenas(id,name,creation_date) VALUES (9,' N#A',0);
INSERT INTO competitions (id,id_season,name,abbreviation,division,type,init_date,end_date,creation_date) 
VALUES (4,1,' N#A',' N#A','1',' N#A',1472680800000,1472680800000,0);